,INVENTORY_ID,BUSINESS_DATE,PROPERTY_CODE,PROPERTY_NAME,INVENTORY
0,0,2022-01-01,ATLAGA,Atlanta,457
1,1,2022-01-02,ATLAGA,Atlanta,319
2,2,2022-01-03,ATLAGA,Atlanta,319
3,3,2022-01-04,ATLAGA,Atlanta,319
4,4,2022-01-05,ATLAGA,Atlanta,319
5,5,2022-01-06,ATLAGA,Atlanta,319
6,6,2022-01-07,ATLAGA,Atlanta,411
7,7,2022-01-08,ATLAGA,Atlanta,411
8,8,2022-01-09,ATLAGA,Atlanta,319
9,9,2022-01-10,ATLAGA,Atlanta,319
10,10,2022-01-11,ATLAGA,Atlanta,319
11,11,2022-01-12,ATLAGA,Atlanta,319
12,12,2022-01-13,ATLAGA,Atlanta,319
13,13,2022-01-14,ATLAGA,Atlanta,411
14,14,2022-01-15,ATLAGA,Atlanta,411
15,15,2022-01-16,ATLAGA,Atlanta,411
16,16,2022-01-17,ATLAGA,Atlanta,319
17,17,2022-01-18,ATLAGA,Atlanta,319
18,18,2022-01-19,ATLAGA,Atlanta,319
19,19,2022-01-20,ATLAGA,Atlanta,319
20,20,2022-01-21,ATLAGA,Atlanta,411
21,21,2022-01-22,ATLAGA,Atlanta,411
22,22,2022-01-23,ATLAGA,Atlanta,365
23,23,2022-01-24,ATLAGA,Atlanta,365
24,24,2022-01-25,ATLAGA,Atlanta,365
25,25,2022-01-26,ATLAGA,Atlanta,365
26,26,2022-01-27,ATLAGA,Atlanta,365
27,27,2022-01-28,ATLAGA,Atlanta,457
28,28,2022-01-29,ATLAGA,Atlanta,457
29,29,2022-01-30,ATLAGA,Atlanta,365
30,30,2022-01-31,ATLAGA,Atlanta,365
31,31,2022-02-01,ATLAGA,Atlanta,365
32,32,2022-02-02,ATLAGA,Atlanta,365
33,33,2022-02-03,ATLAGA,Atlanta,365
34,34,2022-02-04,ATLAGA,Atlanta,457
35,35,2022-02-05,ATLAGA,Atlanta,457
36,36,2022-02-06,ATLAGA,Atlanta,365
37,37,2022-02-07,ATLAGA,Atlanta,365
38,38,2022-02-08,ATLAGA,Atlanta,365
39,39,2022-02-09,ATLAGA,Atlanta,365
40,40,2022-02-10,ATLAGA,Atlanta,365
41,41,2022-02-11,ATLAGA,Atlanta,457
42,42,2022-02-12,ATLAGA,Atlanta,457
43,43,2022-02-13,ATLAGA,Atlanta,365
44,44,2022-02-14,ATLAGA,Atlanta,365
45,45,2022-02-15,ATLAGA,Atlanta,365
46,46,2022-02-16,ATLAGA,Atlanta,365
47,47,2022-02-17,ATLAGA,Atlanta,365
48,48,2022-02-18,ATLAGA,Atlanta,457
49,49,2022-02-19,ATLAGA,Atlanta,457
50,50,2022-02-20,ATLAGA,Atlanta,365
51,51,2022-02-21,ATLAGA,Atlanta,365
52,52,2022-02-22,ATLAGA,Atlanta,365
53,53,2022-02-23,ATLAGA,Atlanta,365
54,54,2022-02-24,ATLAGA,Atlanta,365
55,55,2022-02-25,ATLAGA,Atlanta,457
56,56,2022-02-26,ATLAGA,Atlanta,457
57,57,2022-02-27,ATLAGA,Atlanta,365
58,58,2022-02-28,ATLAGA,Atlanta,365
59,59,2022-03-01,ATLAGA,Atlanta,365
60,60,2022-01-01,COLOCO,Colorado Springs,311
61,61,2022-01-02,COLOCO,Colorado Springs,217
62,62,2022-01-03,COLOCO,Colorado Springs,233
63,63,2022-01-04,COLOCO,Colorado Springs,233
64,64,2022-01-05,COLOCO,Colorado Springs,233
65,65,2022-01-06,COLOCO,Colorado Springs,233
66,66,2022-01-07,COLOCO,Colorado Springs,311
67,67,2022-01-08,COLOCO,Colorado Springs,311
68,68,2022-01-09,COLOCO,Colorado Springs,217
69,69,2022-01-10,COLOCO,Colorado Springs,233
70,70,2022-01-11,COLOCO,Colorado Springs,233
71,71,2022-01-12,COLOCO,Colorado Springs,233
72,72,2022-01-13,COLOCO,Colorado Springs,233
73,73,2022-01-14,COLOCO,Colorado Springs,311
74,74,2022-01-15,COLOCO,Colorado Springs,311
75,75,2022-01-16,COLOCO,Colorado Springs,217
76,76,2022-01-17,COLOCO,Colorado Springs,233
77,77,2022-01-18,COLOCO,Colorado Springs,233
78,78,2022-01-19,COLOCO,Colorado Springs,233
79,79,2022-01-20,COLOCO,Colorado Springs,233
80,80,2022-01-21,COLOCO,Colorado Springs,311
81,81,2022-01-22,COLOCO,Colorado Springs,311
82,82,2022-01-23,COLOCO,Colorado Springs,248
83,83,2022-01-24,COLOCO,Colorado Springs,233
84,84,2022-01-25,COLOCO,Colorado Springs,233
85,85,2022-01-26,COLOCO,Colorado Springs,233
86,86,2022-01-27,COLOCO,Colorado Springs,233
87,87,2022-01-28,COLOCO,Colorado Springs,311
88,88,2022-01-29,COLOCO,Colorado Springs,311
89,89,2022-01-30,COLOCO,Colorado Springs,248
90,90,2022-01-31,COLOCO,Colorado Springs,233
91,91,2022-02-01,COLOCO,Colorado Springs,233
92,92,2022-02-02,COLOCO,Colorado Springs,233
93,93,2022-02-03,COLOCO,Colorado Springs,233
94,94,2022-02-04,COLOCO,Colorado Springs,311
95,95,2022-02-05,COLOCO,Colorado Springs,311
96,96,2022-02-06,COLOCO,Colorado Springs,248
97,97,2022-02-07,COLOCO,Colorado Springs,233
98,98,2022-02-08,COLOCO,Colorado Springs,233
99,99,2022-02-09,COLOCO,Colorado Springs,233
100,100,2022-02-10,COLOCO,Colorado Springs,233
101,101,2022-02-11,COLOCO,Colorado Springs,311
102,102,2022-02-12,COLOCO,Colorado Springs,311
103,103,2022-02-13,COLOCO,Colorado Springs,248
104,104,2022-02-14,COLOCO,Colorado Springs,233
105,105,2022-02-15,COLOCO,Colorado Springs,233
106,106,2022-02-16,COLOCO,Colorado Springs,233
107,107,2022-02-17,COLOCO,Colorado Springs,233
108,108,2022-02-18,COLOCO,Colorado Springs,311
109,109,2022-02-19,COLOCO,Colorado Springs,311
110,110,2022-02-20,COLOCO,Colorado Springs,248
111,111,2022-02-21,COLOCO,Colorado Springs,233
112,112,2022-02-22,COLOCO,Colorado Springs,233
113,113,2022-02-23,COLOCO,Colorado Springs,233
114,114,2022-02-24,COLOCO,Colorado Springs,233
115,115,2022-02-25,COLOCO,Colorado Springs,311
116,116,2022-02-26,COLOCO,Colorado Springs,311
117,117,2022-02-27,COLOCO,Colorado Springs,248
118,118,2022-02-28,COLOCO,Colorado Springs,233
119,119,2022-03-01,COLOCO,Colorado Springs,233
120,120,2022-01-01,CONCNC,Concord,402
121,121,2022-01-02,CONCNC,Concord,321
122,122,2022-01-03,CONCNC,Concord,361
123,123,2022-01-04,CONCNC,Concord,361
124,124,2022-01-05,CONCNC,Concord,361
125,125,2022-01-06,CONCNC,Concord,361
126,126,2022-01-07,CONCNC,Concord,402
127,127,2022-01-08,CONCNC,Concord,402
128,128,2022-01-09,CONCNC,Concord,321
129,129,2022-01-10,CONCNC,Concord,361
130,130,2022-01-11,CONCNC,Concord,361
131,131,2022-01-12,CONCNC,Concord,361
132,132,2022-01-13,CONCNC,Concord,361
133,133,2022-01-14,CONCNC,Concord,402
134,134,2022-01-15,CONCNC,Concord,402
135,135,2022-01-16,CONCNC,Concord,321
136,136,2022-01-17,CONCNC,Concord,361
137,137,2022-01-18,CONCNC,Concord,361
138,138,2022-01-19,CONCNC,Concord,361
139,139,2022-01-20,CONCNC,Concord,361
140,140,2022-01-21,CONCNC,Concord,402
141,141,2022-01-22,CONCNC,Concord,402
142,142,2022-01-23,CONCNC,Concord,321
143,143,2022-01-24,CONCNC,Concord,361
144,144,2022-01-25,CONCNC,Concord,361
145,145,2022-01-26,CONCNC,Concord,361
146,146,2022-01-27,CONCNC,Concord,361
147,147,2022-01-28,CONCNC,Concord,402
148,148,2022-01-29,CONCNC,Concord,402
149,149,2022-01-30,CONCNC,Concord,321
150,150,2022-01-31,CONCNC,Concord,361
151,151,2022-02-01,CONCNC,Concord,361
152,152,2022-02-02,CONCNC,Concord,361
153,153,2022-02-03,CONCNC,Concord,361
154,154,2022-02-04,CONCNC,Concord,402
155,155,2022-02-05,CONCNC,Concord,402
156,156,2022-02-06,CONCNC,Concord,321
157,157,2022-02-07,CONCNC,Concord,361
158,158,2022-02-08,CONCNC,Concord,361
159,159,2022-02-09,CONCNC,Concord,361
160,160,2022-02-10,CONCNC,Concord,361
161,161,2022-02-11,CONCNC,Concord,402
162,162,2022-02-12,CONCNC,Concord,402
163,163,2022-02-13,CONCNC,Concord,321
164,164,2022-02-14,CONCNC,Concord,361
165,165,2022-02-15,CONCNC,Concord,361
166,166,2022-02-16,CONCNC,Concord,361
167,167,2022-02-17,CONCNC,Concord,361
168,168,2022-02-18,CONCNC,Concord,402
169,169,2022-02-19,CONCNC,Concord,402
170,170,2022-02-20,CONCNC,Concord,321
171,171,2022-02-21,CONCNC,Concord,361
172,172,2022-02-22,CONCNC,Concord,361
173,173,2022-02-23,CONCNC,Concord,361
174,174,2022-02-24,CONCNC,Concord,361
175,175,2022-02-25,CONCNC,Concord,402
176,176,2022-02-26,CONCNC,Concord,402
177,177,2022-02-27,CONCNC,Concord,321
178,178,2022-02-28,CONCNC,Concord,361
179,179,2022-03-01,CONCNC,Concord,361
180,180,2022-01-01,GRANWA,Grand Mound,398
181,181,2022-01-02,GRANWA,Grand Mound,318
182,182,2022-01-03,GRANWA,Grand Mound,398
183,183,2022-01-04,GRANWA,Grand Mound,398
184,184,2022-01-05,GRANWA,Grand Mound,398
185,185,2022-01-06,GRANWA,Grand Mound,398
186,186,2022-01-07,GRANWA,Grand Mound,398
187,187,2022-01-08,GRANWA,Grand Mound,398
188,188,2022-01-09,GRANWA,Grand Mound,318
189,189,2022-01-10,GRANWA,Grand Mound,398
190,190,2022-01-11,GRANWA,Grand Mound,398
191,191,2022-01-12,GRANWA,Grand Mound,398
192,192,2022-01-13,GRANWA,Grand Mound,398
193,193,2022-01-14,GRANWA,Grand Mound,398
194,194,2022-01-15,GRANWA,Grand Mound,398
195,195,2022-01-16,GRANWA,Grand Mound,318
196,196,2022-01-17,GRANWA,Grand Mound,398
197,197,2022-01-18,GRANWA,Grand Mound,398
198,198,2022-01-19,GRANWA,Grand Mound,398
199,199,2022-01-20,GRANWA,Grand Mound,398
200,200,2022-01-21,GRANWA,Grand Mound,398
201,201,2022-01-22,GRANWA,Grand Mound,398
202,202,2022-01-23,GRANWA,Grand Mound,318
203,203,2022-01-24,GRANWA,Grand Mound,398
204,204,2022-01-25,GRANWA,Grand Mound,398
205,205,2022-01-26,GRANWA,Grand Mound,398
206,206,2022-01-27,GRANWA,Grand Mound,398
207,207,2022-01-28,GRANWA,Grand Mound,398
208,208,2022-01-29,GRANWA,Grand Mound,398
209,209,2022-01-30,GRANWA,Grand Mound,318
210,210,2022-01-31,GRANWA,Grand Mound,398
211,211,2022-02-01,GRANWA,Grand Mound,398
212,212,2022-02-02,GRANWA,Grand Mound,398
213,213,2022-02-03,GRANWA,Grand Mound,398
214,214,2022-02-04,GRANWA,Grand Mound,398
215,215,2022-02-05,GRANWA,Grand Mound,398
216,216,2022-02-06,GRANWA,Grand Mound,398
217,217,2022-02-07,GRANWA,Grand Mound,398
218,218,2022-02-08,GRANWA,Grand Mound,398
219,219,2022-02-09,GRANWA,Grand Mound,398
220,220,2022-02-10,GRANWA,Grand Mound,398
221,221,2022-02-11,GRANWA,Grand Mound,398
222,222,2022-02-12,GRANWA,Grand Mound,398
223,223,2022-02-13,GRANWA,Grand Mound,398
224,224,2022-02-14,GRANWA,Grand Mound,398
225,225,2022-02-15,GRANWA,Grand Mound,398
226,226,2022-02-16,GRANWA,Grand Mound,398
227,227,2022-02-17,GRANWA,Grand Mound,398
228,228,2022-02-18,GRANWA,Grand Mound,398
229,229,2022-02-19,GRANWA,Grand Mound,398
230,230,2022-02-20,GRANWA,Grand Mound,398
231,231,2022-02-21,GRANWA,Grand Mound,398
232,232,2022-02-22,GRANWA,Grand Mound,398
233,233,2022-02-23,GRANWA,Grand Mound,398
234,234,2022-02-24,GRANWA,Grand Mound,398
235,235,2022-02-25,GRANWA,Grand Mound,398
236,236,2022-02-26,GRANWA,Grand Mound,398
237,237,2022-02-27,GRANWA,Grand Mound,398
238,238,2022-02-28,GRANWA,Grand Mound,398
239,239,2022-03-01,GRANWA,Grand Mound,398
240,240,2022-01-01,GRAPTX,Grapevine,605
241,241,2022-01-02,GRAPTX,Grapevine,544
242,242,2022-01-03,GRAPTX,Grapevine,544
243,243,2022-01-04,GRAPTX,Grapevine,544
244,244,2022-01-05,GRAPTX,Grapevine,544
245,245,2022-01-06,GRAPTX,Grapevine,544
246,246,2022-01-07,GRAPTX,Grapevine,605
247,247,2022-01-08,GRAPTX,Grapevine,605
248,248,2022-01-09,GRAPTX,Grapevine,544
249,249,2022-01-10,GRAPTX,Grapevine,544
250,250,2022-01-11,GRAPTX,Grapevine,544
251,251,2022-01-12,GRAPTX,Grapevine,544
252,252,2022-01-13,GRAPTX,Grapevine,544
253,253,2022-01-14,GRAPTX,Grapevine,605
254,254,2022-01-15,GRAPTX,Grapevine,605
255,255,2022-01-16,GRAPTX,Grapevine,544
256,256,2022-01-17,GRAPTX,Grapevine,544
257,257,2022-01-18,GRAPTX,Grapevine,544
258,258,2022-01-19,GRAPTX,Grapevine,544
259,259,2022-01-20,GRAPTX,Grapevine,544
260,260,2022-01-21,GRAPTX,Grapevine,605
261,261,2022-01-22,GRAPTX,Grapevine,605
262,262,2022-01-23,GRAPTX,Grapevine,605
263,263,2022-01-24,GRAPTX,Grapevine,605
264,264,2022-01-25,GRAPTX,Grapevine,605
265,265,2022-01-26,GRAPTX,Grapevine,605
266,266,2022-01-27,GRAPTX,Grapevine,605
267,267,2022-01-28,GRAPTX,Grapevine,605
268,268,2022-01-29,GRAPTX,Grapevine,605
269,269,2022-01-30,GRAPTX,Grapevine,605
270,270,2022-01-31,GRAPTX,Grapevine,605
271,271,2022-02-01,GRAPTX,Grapevine,605
272,272,2022-02-02,GRAPTX,Grapevine,605
273,273,2022-02-03,GRAPTX,Grapevine,605
274,274,2022-02-04,GRAPTX,Grapevine,605
275,275,2022-02-05,GRAPTX,Grapevine,605
276,276,2022-02-06,GRAPTX,Grapevine,605
277,277,2022-02-07,GRAPTX,Grapevine,605
278,278,2022-02-08,GRAPTX,Grapevine,605
279,279,2022-02-09,GRAPTX,Grapevine,605
280,280,2022-02-10,GRAPTX,Grapevine,605
281,281,2022-02-11,GRAPTX,Grapevine,605
282,282,2022-02-12,GRAPTX,Grapevine,605
283,283,2022-02-13,GRAPTX,Grapevine,605
284,284,2022-02-14,GRAPTX,Grapevine,605
285,285,2022-02-15,GRAPTX,Grapevine,605
286,286,2022-02-16,GRAPTX,Grapevine,605
287,287,2022-02-17,GRAPTX,Grapevine,605
288,288,2022-02-18,GRAPTX,Grapevine,605
289,289,2022-02-19,GRAPTX,Grapevine,605
290,290,2022-02-20,GRAPTX,Grapevine,605
291,291,2022-02-21,GRAPTX,Grapevine,605
292,292,2022-02-22,GRAPTX,Grapevine,605
293,293,2022-02-23,GRAPTX,Grapevine,605
294,294,2022-02-24,GRAPTX,Grapevine,605
295,295,2022-02-25,GRAPTX,Grapevine,605
296,296,2022-02-26,GRAPTX,Grapevine,605
297,297,2022-02-27,GRAPTX,Grapevine,605
298,298,2022-02-28,GRAPTX,Grapevine,605
299,299,2022-03-01,GRAPTX,Grapevine,605
300,300,2022-01-01,GURNIL,Gurnee,414
301,301,2022-01-02,GURNIL,Gurnee,331
302,302,2022-01-03,GURNIL,Gurnee,289
303,303,2022-01-04,GURNIL,Gurnee,289
304,304,2022-01-05,GURNIL,Gurnee,289
305,305,2022-01-06,GURNIL,Gurnee,289
306,306,2022-01-07,GURNIL,Gurnee,331
307,307,2022-01-08,GURNIL,Gurnee,331
308,308,2022-01-09,GURNIL,Gurnee,331
309,309,2022-01-10,GURNIL,Gurnee,289
310,310,2022-01-11,GURNIL,Gurnee,289
311,311,2022-01-12,GURNIL,Gurnee,289
312,312,2022-01-13,GURNIL,Gurnee,289
313,313,2022-01-14,GURNIL,Gurnee,331
314,314,2022-01-15,GURNIL,Gurnee,331
315,315,2022-01-16,GURNIL,Gurnee,331
316,316,2022-01-17,GURNIL,Gurnee,289
317,317,2022-01-18,GURNIL,Gurnee,289
318,318,2022-01-19,GURNIL,Gurnee,289
319,319,2022-01-20,GURNIL,Gurnee,289
320,320,2022-01-21,GURNIL,Gurnee,331
321,321,2022-01-22,GURNIL,Gurnee,331
322,322,2022-01-23,GURNIL,Gurnee,331
323,323,2022-01-24,GURNIL,Gurnee,289
324,324,2022-01-25,GURNIL,Gurnee,289
325,325,2022-01-26,GURNIL,Gurnee,289
326,326,2022-01-27,GURNIL,Gurnee,289
327,327,2022-01-28,GURNIL,Gurnee,331
328,328,2022-01-29,GURNIL,Gurnee,331
329,329,2022-01-30,GURNIL,Gurnee,331
330,330,2022-01-31,GURNIL,Gurnee,289
331,331,2022-02-01,GURNIL,Gurnee,289
332,332,2022-02-02,GURNIL,Gurnee,289
333,333,2022-02-03,GURNIL,Gurnee,289
334,334,2022-02-04,GURNIL,Gurnee,351
335,335,2022-02-05,GURNIL,Gurnee,351
336,336,2022-02-06,GURNIL,Gurnee,289
337,337,2022-02-07,GURNIL,Gurnee,289
338,338,2022-02-08,GURNIL,Gurnee,289
339,339,2022-02-09,GURNIL,Gurnee,289
340,340,2022-02-10,GURNIL,Gurnee,289
341,341,2022-02-11,GURNIL,Gurnee,351
342,342,2022-02-12,GURNIL,Gurnee,351
343,343,2022-02-13,GURNIL,Gurnee,289
344,344,2022-02-14,GURNIL,Gurnee,289
345,345,2022-02-15,GURNIL,Gurnee,289
346,346,2022-02-16,GURNIL,Gurnee,289
347,347,2022-02-17,GURNIL,Gurnee,289
348,348,2022-02-18,GURNIL,Gurnee,364
349,349,2022-02-19,GURNIL,Gurnee,364
350,350,2022-02-20,GURNIL,Gurnee,364
351,351,2022-02-21,GURNIL,Gurnee,289
352,352,2022-02-22,GURNIL,Gurnee,289
353,353,2022-02-23,GURNIL,Gurnee,289
354,354,2022-02-24,GURNIL,Gurnee,289
355,355,2022-02-25,GURNIL,Gurnee,364
356,356,2022-02-26,GURNIL,Gurnee,364
357,357,2022-02-27,GURNIL,Gurnee,289
358,358,2022-02-28,GURNIL,Gurnee,289
359,359,2022-03-01,GURNIL,Gurnee,289
360,360,2022-01-01,KANSKS,Kansas City,252
361,361,2022-01-02,KANSKS,Kansas City,112
362,362,2022-01-03,KANSKS,Kansas City,112
363,363,2022-01-04,KANSKS,Kansas City,112
364,364,2022-01-05,KANSKS,Kansas City,112
365,365,2022-01-06,KANSKS,Kansas City,112
366,366,2022-01-07,KANSKS,Kansas City,252
367,367,2022-01-08,KANSKS,Kansas City,252
368,368,2022-01-09,KANSKS,Kansas City,112
369,369,2022-01-10,KANSKS,Kansas City,112
370,370,2022-01-11,KANSKS,Kansas City,112
371,371,2022-01-12,KANSKS,Kansas City,112
372,372,2022-01-13,KANSKS,Kansas City,112
373,373,2022-01-14,KANSKS,Kansas City,252
374,374,2022-01-15,KANSKS,Kansas City,252
375,375,2022-01-16,KANSKS,Kansas City,112
376,376,2022-01-17,KANSKS,Kansas City,112
377,377,2022-01-18,KANSKS,Kansas City,112
378,378,2022-01-19,KANSKS,Kansas City,112
379,379,2022-01-20,KANSKS,Kansas City,112
380,380,2022-01-21,KANSKS,Kansas City,252
381,381,2022-01-22,KANSKS,Kansas City,252
382,382,2022-01-23,KANSKS,Kansas City,112
383,383,2022-01-24,KANSKS,Kansas City,112
384,384,2022-01-25,KANSKS,Kansas City,112
385,385,2022-01-26,KANSKS,Kansas City,112
386,386,2022-01-27,KANSKS,Kansas City,112
387,387,2022-01-28,KANSKS,Kansas City,252
388,388,2022-01-29,KANSKS,Kansas City,252
389,389,2022-01-30,KANSKS,Kansas City,112
390,390,2022-01-31,KANSKS,Kansas City,112
391,391,2022-02-01,KANSKS,Kansas City,112
392,392,2022-02-02,KANSKS,Kansas City,112
393,393,2022-02-03,KANSKS,Kansas City,112
394,394,2022-02-04,KANSKS,Kansas City,252
395,395,2022-02-05,KANSKS,Kansas City,252
396,396,2022-02-06,KANSKS,Kansas City,112
397,397,2022-02-07,KANSKS,Kansas City,168
398,398,2022-02-08,KANSKS,Kansas City,168
399,399,2022-02-09,KANSKS,Kansas City,168
400,400,2022-02-10,KANSKS,Kansas City,168
401,401,2022-02-11,KANSKS,Kansas City,252
402,402,2022-02-12,KANSKS,Kansas City,252
403,403,2022-02-13,KANSKS,Kansas City,168
404,404,2022-02-14,KANSKS,Kansas City,168
405,405,2022-02-15,KANSKS,Kansas City,168
406,406,2022-02-16,KANSKS,Kansas City,168
407,407,2022-02-17,KANSKS,Kansas City,168
408,408,2022-02-18,KANSKS,Kansas City,252
409,409,2022-02-19,KANSKS,Kansas City,252
410,410,2022-02-20,KANSKS,Kansas City,168
411,411,2022-02-21,KANSKS,Kansas City,168
412,412,2022-02-22,KANSKS,Kansas City,168
413,413,2022-02-23,KANSKS,Kansas City,168
414,414,2022-02-24,KANSKS,Kansas City,168
415,415,2022-02-25,KANSKS,Kansas City,252
416,416,2022-02-26,KANSKS,Kansas City,252
417,417,2022-02-27,KANSKS,Kansas City,168
418,418,2022-02-28,KANSKS,Kansas City,168
419,419,2022-03-01,KANSKS,Kansas City,168
420,420,2022-01-01,MANTCA,Manteca,425
421,421,2022-01-02,MANTCA,Manteca,375
422,422,2022-01-03,MANTCA,Manteca,425
423,423,2022-01-04,MANTCA,Manteca,425
424,424,2022-01-05,MANTCA,Manteca,425
425,425,2022-01-06,MANTCA,Manteca,425
426,426,2022-01-07,MANTCA,Manteca,425
427,427,2022-01-08,MANTCA,Manteca,425
428,428,2022-01-09,MANTCA,Manteca,375
429,429,2022-01-10,MANTCA,Manteca,425
430,430,2022-01-11,MANTCA,Manteca,425
431,431,2022-01-12,MANTCA,Manteca,425
432,432,2022-01-13,MANTCA,Manteca,425
433,433,2022-01-14,MANTCA,Manteca,425
434,434,2022-01-15,MANTCA,Manteca,425
435,435,2022-01-16,MANTCA,Manteca,375
436,436,2022-01-17,MANTCA,Manteca,425
437,437,2022-01-18,MANTCA,Manteca,425
438,438,2022-01-19,MANTCA,Manteca,425
439,439,2022-01-20,MANTCA,Manteca,425
440,440,2022-01-21,MANTCA,Manteca,500
441,441,2022-01-22,MANTCA,Manteca,500
442,442,2022-01-23,MANTCA,Manteca,500
443,443,2022-01-24,MANTCA,Manteca,500
444,444,2022-01-25,MANTCA,Manteca,500
445,445,2022-01-26,MANTCA,Manteca,500
446,446,2022-01-27,MANTCA,Manteca,500
447,447,2022-01-28,MANTCA,Manteca,500
448,448,2022-01-29,MANTCA,Manteca,500
449,449,2022-01-30,MANTCA,Manteca,500
450,450,2022-01-31,MANTCA,Manteca,500
451,451,2022-02-01,MANTCA,Manteca,500
452,452,2022-02-02,MANTCA,Manteca,500
453,453,2022-02-03,MANTCA,Manteca,500
454,454,2022-02-04,MANTCA,Manteca,500
455,455,2022-02-05,MANTCA,Manteca,500
456,456,2022-02-06,MANTCA,Manteca,500
457,457,2022-02-07,MANTCA,Manteca,500
458,458,2022-02-08,MANTCA,Manteca,500
459,459,2022-02-09,MANTCA,Manteca,500
460,460,2022-02-10,MANTCA,Manteca,500
461,461,2022-02-11,MANTCA,Manteca,500
462,462,2022-02-12,MANTCA,Manteca,500
463,463,2022-02-13,MANTCA,Manteca,500
464,464,2022-02-14,MANTCA,Manteca,500
465,465,2022-02-15,MANTCA,Manteca,500
466,466,2022-02-16,MANTCA,Manteca,425
467,467,2022-02-17,MANTCA,Manteca,425
468,468,2022-02-18,MANTCA,Manteca,425
469,469,2022-02-19,MANTCA,Manteca,425
470,470,2022-02-20,MANTCA,Manteca,425
471,471,2022-02-21,MANTCA,Manteca,425
472,472,2022-02-22,MANTCA,Manteca,425
473,473,2022-02-23,MANTCA,Manteca,425
474,474,2022-02-24,MANTCA,Manteca,425
475,475,2022-02-25,MANTCA,Manteca,425
476,476,2022-02-26,MANTCA,Manteca,425
477,477,2022-02-27,MANTCA,Manteca,425
478,478,2022-02-28,MANTCA,Manteca,425
479,479,2022-03-01,MANTCA,Manteca,425
480,480,2022-01-01,MASOOH,Mason Family Resorts,401
481,481,2022-01-02,MASOOH,Mason Family Resorts,340
482,482,2022-01-03,MASOOH,Mason Family Resorts,401
483,483,2022-01-04,MASOOH,Mason Family Resorts,401
484,484,2022-01-05,MASOOH,Mason Family Resorts,401
485,485,2022-01-06,MASOOH,Mason Family Resorts,401
486,486,2022-01-07,MASOOH,Mason Family Resorts,401
487,487,2022-01-08,MASOOH,Mason Family Resorts,401
488,488,2022-01-09,MASOOH,Mason Family Resorts,340
489,489,2022-01-10,MASOOH,Mason Family Resorts,401
490,490,2022-01-11,MASOOH,Mason Family Resorts,401
491,491,2022-01-12,MASOOH,Mason Family Resorts,401
492,492,2022-01-13,MASOOH,Mason Family Resorts,401
493,493,2022-01-14,MASOOH,Mason Family Resorts,401
494,494,2022-01-15,MASOOH,Mason Family Resorts,401
495,495,2022-01-16,MASOOH,Mason Family Resorts,401
496,496,2022-01-17,MASOOH,Mason Family Resorts,401
497,497,2022-01-18,MASOOH,Mason Family Resorts,401
498,498,2022-01-19,MASOOH,Mason Family Resorts,401
499,499,2022-01-20,MASOOH,Mason Family Resorts,401
500,500,2022-01-21,MASOOH,Mason Family Resorts,401
501,501,2022-01-22,MASOOH,Mason Family Resorts,401
502,502,2022-01-23,MASOOH,Mason Family Resorts,340
503,503,2022-01-24,MASOOH,Mason Family Resorts,401
504,504,2022-01-25,MASOOH,Mason Family Resorts,401
505,505,2022-01-26,MASOOH,Mason Family Resorts,401
506,506,2022-01-27,MASOOH,Mason Family Resorts,401
507,507,2022-01-28,MASOOH,Mason Family Resorts,401
508,508,2022-01-29,MASOOH,Mason Family Resorts,401
509,509,2022-01-30,MASOOH,Mason Family Resorts,340
510,510,2022-01-31,MASOOH,Mason Family Resorts,401
511,511,2022-02-01,MASOOH,Mason Family Resorts,401
512,512,2022-02-02,MASOOH,Mason Family Resorts,401
513,513,2022-02-03,MASOOH,Mason Family Resorts,401
514,514,2022-02-04,MASOOH,Mason Family Resorts,401
515,515,2022-02-05,MASOOH,Mason Family Resorts,401
516,516,2022-02-06,MASOOH,Mason Family Resorts,401
517,517,2022-02-07,MASOOH,Mason Family Resorts,401
518,518,2022-02-08,MASOOH,Mason Family Resorts,401
519,519,2022-02-09,MASOOH,Mason Family Resorts,401
520,520,2022-02-10,MASOOH,Mason Family Resorts,401
521,521,2022-02-11,MASOOH,Mason Family Resorts,401
522,522,2022-02-12,MASOOH,Mason Family Resorts,401
523,523,2022-02-13,MASOOH,Mason Family Resorts,401
524,524,2022-02-14,MASOOH,Mason Family Resorts,401
525,525,2022-02-15,MASOOH,Mason Family Resorts,401
526,526,2022-02-16,MASOOH,Mason Family Resorts,401
527,527,2022-02-17,MASOOH,Mason Family Resorts,401
528,528,2022-02-18,MASOOH,Mason Family Resorts,401
529,529,2022-02-19,MASOOH,Mason Family Resorts,401
530,530,2022-02-20,MASOOH,Mason Family Resorts,401
531,531,2022-02-21,MASOOH,Mason Family Resorts,401
532,532,2022-02-22,MASOOH,Mason Family Resorts,401
533,533,2022-02-23,MASOOH,Mason Family Resorts,401
534,534,2022-02-24,MASOOH,Mason Family Resorts,401
535,535,2022-02-25,MASOOH,Mason Family Resorts,401
536,536,2022-02-26,MASOOH,Mason Family Resorts,401
537,537,2022-02-27,MASOOH,Mason Family Resorts,401
538,538,2022-02-28,MASOOH,Mason Family Resorts,401
539,539,2022-03-01,MASOOH,Mason Family Resorts,401
540,540,2022-01-01,BLOOMN,Minnesota,404
541,541,2022-01-02,BLOOMN,Minnesota,404
542,542,2022-01-03,BLOOMN,Minnesota,404
543,543,2022-01-04,BLOOMN,Minnesota,404
544,544,2022-01-05,BLOOMN,Minnesota,404
545,545,2022-01-06,BLOOMN,Minnesota,404
546,546,2022-01-07,BLOOMN,Minnesota,404
547,547,2022-01-08,BLOOMN,Minnesota,404
548,548,2022-01-09,BLOOMN,Minnesota,404
549,549,2022-01-10,BLOOMN,Minnesota,404
550,550,2022-01-11,BLOOMN,Minnesota,404
551,551,2022-01-12,BLOOMN,Minnesota,404
552,552,2022-01-13,BLOOMN,Minnesota,404
553,553,2022-01-14,BLOOMN,Minnesota,404
554,554,2022-01-15,BLOOMN,Minnesota,404
555,555,2022-01-16,BLOOMN,Minnesota,404
556,556,2022-01-17,BLOOMN,Minnesota,404
557,557,2022-01-18,BLOOMN,Minnesota,404
558,558,2022-01-19,BLOOMN,Minnesota,404
559,559,2022-01-20,BLOOMN,Minnesota,404
560,560,2022-01-21,BLOOMN,Minnesota,404
561,561,2022-01-22,BLOOMN,Minnesota,404
562,562,2022-01-23,BLOOMN,Minnesota,404
563,563,2022-01-24,BLOOMN,Minnesota,404
564,564,2022-01-25,BLOOMN,Minnesota,404
565,565,2022-01-26,BLOOMN,Minnesota,404
566,566,2022-01-27,BLOOMN,Minnesota,404
567,567,2022-01-28,BLOOMN,Minnesota,404
568,568,2022-01-29,BLOOMN,Minnesota,404
569,569,2022-01-30,BLOOMN,Minnesota,404
570,570,2022-01-31,BLOOMN,Minnesota,404
571,571,2022-02-01,BLOOMN,Minnesota,404
572,572,2022-02-02,BLOOMN,Minnesota,404
573,573,2022-02-03,BLOOMN,Minnesota,404
574,574,2022-02-04,BLOOMN,Minnesota,404
575,575,2022-02-05,BLOOMN,Minnesota,404
576,576,2022-02-06,BLOOMN,Minnesota,404
577,577,2022-02-07,BLOOMN,Minnesota,404
578,578,2022-02-08,BLOOMN,Minnesota,404
579,579,2022-02-09,BLOOMN,Minnesota,404
580,580,2022-02-10,BLOOMN,Minnesota,404
581,581,2022-02-11,BLOOMN,Minnesota,404
582,582,2022-02-12,BLOOMN,Minnesota,404
583,583,2022-02-13,BLOOMN,Minnesota,404
584,584,2022-02-14,BLOOMN,Minnesota,404
585,585,2022-02-15,BLOOMN,Minnesota,404
586,586,2022-02-16,BLOOMN,Minnesota,404
587,587,2022-02-17,BLOOMN,Minnesota,404
588,588,2022-02-18,BLOOMN,Minnesota,404
589,589,2022-02-19,BLOOMN,Minnesota,404
590,590,2022-02-20,BLOOMN,Minnesota,404
591,591,2022-02-21,BLOOMN,Minnesota,404
592,592,2022-02-22,BLOOMN,Minnesota,404
593,593,2022-02-23,BLOOMN,Minnesota,404
594,594,2022-02-24,BLOOMN,Minnesota,404
595,595,2022-02-25,BLOOMN,Minnesota,404
596,596,2022-02-26,BLOOMN,Minnesota,404
597,597,2022-02-27,BLOOMN,Minnesota,404
598,598,2022-02-28,BLOOMN,Minnesota,404
599,599,2022-03-01,BLOOMN,Minnesota,404
600,600,2022-01-01,NEWEMA,New England,406
601,601,2022-01-02,NEWEMA,New England,324
602,602,2022-01-03,NEWEMA,New England,324
603,603,2022-01-04,NEWEMA,New England,324
604,604,2022-01-05,NEWEMA,New England,324
605,605,2022-01-06,NEWEMA,New England,324
606,606,2022-01-07,NEWEMA,New England,324
607,607,2022-01-08,NEWEMA,New England,324
608,608,2022-01-09,NEWEMA,New England,324
609,609,2022-01-10,NEWEMA,New England,324
610,610,2022-01-11,NEWEMA,New England,324
611,611,2022-01-12,NEWEMA,New England,324
612,612,2022-01-13,NEWEMA,New England,324
613,613,2022-01-14,NEWEMA,New England,324
614,614,2022-01-15,NEWEMA,New England,324
615,615,2022-01-16,NEWEMA,New England,324
616,616,2022-01-17,NEWEMA,New England,324
617,617,2022-01-18,NEWEMA,New England,324
618,618,2022-01-19,NEWEMA,New England,324
619,619,2022-01-20,NEWEMA,New England,324
620,620,2022-01-21,NEWEMA,New England,365
621,621,2022-01-22,NEWEMA,New England,365
622,622,2022-01-23,NEWEMA,New England,365
623,623,2022-01-24,NEWEMA,New England,406
624,624,2022-01-25,NEWEMA,New England,406
625,625,2022-01-26,NEWEMA,New England,406
626,626,2022-01-27,NEWEMA,New England,406
627,627,2022-01-28,NEWEMA,New England,406
628,628,2022-01-29,NEWEMA,New England,406
629,629,2022-01-30,NEWEMA,New England,365
630,630,2022-01-31,NEWEMA,New England,406
631,631,2022-02-01,NEWEMA,New England,406
632,632,2022-02-02,NEWEMA,New England,406
633,633,2022-02-03,NEWEMA,New England,406
634,634,2022-02-04,NEWEMA,New England,406
635,635,2022-02-05,NEWEMA,New England,406
636,636,2022-02-06,NEWEMA,New England,406
637,637,2022-02-07,NEWEMA,New England,406
638,638,2022-02-08,NEWEMA,New England,406
639,639,2022-02-09,NEWEMA,New England,406
640,640,2022-02-10,NEWEMA,New England,406
641,641,2022-02-11,NEWEMA,New England,406
642,642,2022-02-12,NEWEMA,New England,406
643,643,2022-02-13,NEWEMA,New England,406
644,644,2022-02-14,NEWEMA,New England,406
645,645,2022-02-15,NEWEMA,New England,406
646,646,2022-02-16,NEWEMA,New England,406
647,647,2022-02-17,NEWEMA,New England,406
648,648,2022-02-18,NEWEMA,New England,406
649,649,2022-02-19,NEWEMA,New England,406
650,650,2022-02-20,NEWEMA,New England,406
651,651,2022-02-21,NEWEMA,New England,406
652,652,2022-02-22,NEWEMA,New England,406
653,653,2022-02-23,NEWEMA,New England,406
654,654,2022-02-24,NEWEMA,New England,406
655,655,2022-02-25,NEWEMA,New England,406
656,656,2022-02-26,NEWEMA,New England,406
657,657,2022-02-27,NEWEMA,New England,406
658,658,2022-02-28,NEWEMA,New England,406
659,659,2022-03-01,NEWEMA,New England,406
660,660,2022-01-01,POCOPA,Poconos,401
661,661,2022-01-02,POCOPA,Poconos,401
662,662,2022-01-03,POCOPA,Poconos,401
663,663,2022-01-04,POCOPA,Poconos,401
664,664,2022-01-05,POCOPA,Poconos,401
665,665,2022-01-06,POCOPA,Poconos,401
666,666,2022-01-07,POCOPA,Poconos,401
667,667,2022-01-08,POCOPA,Poconos,401
668,668,2022-01-09,POCOPA,Poconos,401
669,669,2022-01-10,POCOPA,Poconos,401
670,670,2022-01-11,POCOPA,Poconos,401
671,671,2022-01-12,POCOPA,Poconos,401
672,672,2022-01-13,POCOPA,Poconos,401
673,673,2022-01-14,POCOPA,Poconos,401
674,674,2022-01-15,POCOPA,Poconos,401
675,675,2022-01-16,POCOPA,Poconos,401
676,676,2022-01-17,POCOPA,Poconos,401
677,677,2022-01-18,POCOPA,Poconos,401
678,678,2022-01-19,POCOPA,Poconos,401
679,679,2022-01-20,POCOPA,Poconos,401
680,680,2022-01-21,POCOPA,Poconos,401
681,681,2022-01-22,POCOPA,Poconos,401
682,682,2022-01-23,POCOPA,Poconos,401
683,683,2022-01-24,POCOPA,Poconos,401
684,684,2022-01-25,POCOPA,Poconos,401
685,685,2022-01-26,POCOPA,Poconos,401
686,686,2022-01-27,POCOPA,Poconos,401
687,687,2022-01-28,POCOPA,Poconos,401
688,688,2022-01-29,POCOPA,Poconos,401
689,689,2022-01-30,POCOPA,Poconos,401
690,690,2022-01-31,POCOPA,Poconos,401
691,691,2022-02-01,POCOPA,Poconos,401
692,692,2022-02-02,POCOPA,Poconos,401
693,693,2022-02-03,POCOPA,Poconos,401
694,694,2022-02-04,POCOPA,Poconos,401
695,695,2022-02-05,POCOPA,Poconos,401
696,696,2022-02-06,POCOPA,Poconos,401
697,697,2022-02-07,POCOPA,Poconos,401
698,698,2022-02-08,POCOPA,Poconos,401
699,699,2022-02-09,POCOPA,Poconos,401
700,700,2022-02-10,POCOPA,Poconos,401
701,701,2022-02-11,POCOPA,Poconos,401
702,702,2022-02-12,POCOPA,Poconos,401
703,703,2022-02-13,POCOPA,Poconos,401
704,704,2022-02-14,POCOPA,Poconos,401
705,705,2022-02-15,POCOPA,Poconos,401
706,706,2022-02-16,POCOPA,Poconos,401
707,707,2022-02-17,POCOPA,Poconos,401
708,708,2022-02-18,POCOPA,Poconos,401
709,709,2022-02-19,POCOPA,Poconos,401
710,710,2022-02-20,POCOPA,Poconos,401
711,711,2022-02-21,POCOPA,Poconos,401
712,712,2022-02-22,POCOPA,Poconos,401
713,713,2022-02-23,POCOPA,Poconos,401
714,714,2022-02-24,POCOPA,Poconos,401
715,715,2022-02-25,POCOPA,Poconos,401
716,716,2022-02-26,POCOPA,Poconos,401
717,717,2022-02-27,POCOPA,Poconos,401
718,718,2022-02-28,POCOPA,Poconos,401
719,719,2022-03-01,POCOPA,Poconos,401
720,720,2022-01-01,SANDOH,Sandusky,271
721,721,2022-01-02,SANDOH,Sandusky,216
722,722,2022-01-03,SANDOH,Sandusky,243
723,723,2022-01-04,SANDOH,Sandusky,243
724,724,2022-01-05,SANDOH,Sandusky,243
725,725,2022-01-06,SANDOH,Sandusky,243
726,726,2022-01-07,SANDOH,Sandusky,271
727,727,2022-01-08,SANDOH,Sandusky,271
728,728,2022-01-09,SANDOH,Sandusky,216
729,729,2022-01-10,SANDOH,Sandusky,243
730,730,2022-01-11,SANDOH,Sandusky,243
731,731,2022-01-12,SANDOH,Sandusky,243
732,732,2022-01-13,SANDOH,Sandusky,243
733,733,2022-01-14,SANDOH,Sandusky,271
734,734,2022-01-15,SANDOH,Sandusky,271
735,735,2022-01-16,SANDOH,Sandusky,271
736,736,2022-01-17,SANDOH,Sandusky,243
737,737,2022-01-18,SANDOH,Sandusky,243
738,738,2022-01-19,SANDOH,Sandusky,243
739,739,2022-01-20,SANDOH,Sandusky,243
740,740,2022-01-21,SANDOH,Sandusky,271
741,741,2022-01-22,SANDOH,Sandusky,271
742,742,2022-01-23,SANDOH,Sandusky,271
743,743,2022-01-24,SANDOH,Sandusky,271
744,744,2022-01-25,SANDOH,Sandusky,271
745,745,2022-01-26,SANDOH,Sandusky,271
746,746,2022-01-27,SANDOH,Sandusky,271
747,747,2022-01-28,SANDOH,Sandusky,271
748,748,2022-01-29,SANDOH,Sandusky,271
749,749,2022-01-30,SANDOH,Sandusky,271
750,750,2022-01-31,SANDOH,Sandusky,271
751,751,2022-02-01,SANDOH,Sandusky,271
752,752,2022-02-02,SANDOH,Sandusky,271
753,753,2022-02-03,SANDOH,Sandusky,271
754,754,2022-02-04,SANDOH,Sandusky,271
755,755,2022-02-05,SANDOH,Sandusky,271
756,756,2022-02-06,SANDOH,Sandusky,271
757,757,2022-02-07,SANDOH,Sandusky,271
758,758,2022-02-08,SANDOH,Sandusky,271
759,759,2022-02-09,SANDOH,Sandusky,271
760,760,2022-02-10,SANDOH,Sandusky,271
761,761,2022-02-11,SANDOH,Sandusky,271
762,762,2022-02-12,SANDOH,Sandusky,271
763,763,2022-02-13,SANDOH,Sandusky,271
764,764,2022-02-14,SANDOH,Sandusky,271
765,765,2022-02-15,SANDOH,Sandusky,271
766,766,2022-02-16,SANDOH,Sandusky,271
767,767,2022-02-17,SANDOH,Sandusky,271
768,768,2022-02-18,SANDOH,Sandusky,271
769,769,2022-02-19,SANDOH,Sandusky,271
770,770,2022-02-20,SANDOH,Sandusky,271
771,771,2022-02-21,SANDOH,Sandusky,271
772,772,2022-02-22,SANDOH,Sandusky,271
773,773,2022-02-23,SANDOH,Sandusky,271
774,774,2022-02-24,SANDOH,Sandusky,271
775,775,2022-02-25,SANDOH,Sandusky,271
776,776,2022-02-26,SANDOH,Sandusky,271
777,777,2022-02-27,SANDOH,Sandusky,271
778,778,2022-02-28,SANDOH,Sandusky,271
779,779,2022-03-01,SANDOH,Sandusky,271
780,780,2022-01-01,SCOTAZ,Scottsdale,350
781,781,2022-01-02,SCOTAZ,Scottsdale,280
782,782,2022-01-03,SCOTAZ,Scottsdale,262
783,783,2022-01-04,SCOTAZ,Scottsdale,262
784,784,2022-01-05,SCOTAZ,Scottsdale,262
785,785,2022-01-06,SCOTAZ,Scottsdale,262
786,786,2022-01-07,SCOTAZ,Scottsdale,315
787,787,2022-01-08,SCOTAZ,Scottsdale,315
788,788,2022-01-09,SCOTAZ,Scottsdale,280
789,789,2022-01-10,SCOTAZ,Scottsdale,262
790,790,2022-01-11,SCOTAZ,Scottsdale,262
791,791,2022-01-12,SCOTAZ,Scottsdale,262
792,792,2022-01-13,SCOTAZ,Scottsdale,262
793,793,2022-01-14,SCOTAZ,Scottsdale,315
794,794,2022-01-15,SCOTAZ,Scottsdale,315
795,795,2022-01-16,SCOTAZ,Scottsdale,280
796,796,2022-01-17,SCOTAZ,Scottsdale,262
797,797,2022-01-18,SCOTAZ,Scottsdale,262
798,798,2022-01-19,SCOTAZ,Scottsdale,262
799,799,2022-01-20,SCOTAZ,Scottsdale,262
800,800,2022-01-21,SCOTAZ,Scottsdale,315
801,801,2022-01-22,SCOTAZ,Scottsdale,315
802,802,2022-01-23,SCOTAZ,Scottsdale,280
803,803,2022-01-24,SCOTAZ,Scottsdale,262
804,804,2022-01-25,SCOTAZ,Scottsdale,262
805,805,2022-01-26,SCOTAZ,Scottsdale,262
806,806,2022-01-27,SCOTAZ,Scottsdale,262
807,807,2022-01-28,SCOTAZ,Scottsdale,315
808,808,2022-01-29,SCOTAZ,Scottsdale,315
809,809,2022-01-30,SCOTAZ,Scottsdale,280
810,810,2022-01-31,SCOTAZ,Scottsdale,280
811,811,2022-02-01,SCOTAZ,Scottsdale,280
812,812,2022-02-02,SCOTAZ,Scottsdale,280
813,813,2022-02-03,SCOTAZ,Scottsdale,280
814,814,2022-02-04,SCOTAZ,Scottsdale,315
815,815,2022-02-05,SCOTAZ,Scottsdale,315
816,816,2022-02-06,SCOTAZ,Scottsdale,280
817,817,2022-02-07,SCOTAZ,Scottsdale,280
818,818,2022-02-08,SCOTAZ,Scottsdale,280
819,819,2022-02-09,SCOTAZ,Scottsdale,280
820,820,2022-02-10,SCOTAZ,Scottsdale,280
821,821,2022-02-11,SCOTAZ,Scottsdale,315
822,822,2022-02-12,SCOTAZ,Scottsdale,315
823,823,2022-02-13,SCOTAZ,Scottsdale,280
824,824,2022-02-14,SCOTAZ,Scottsdale,280
825,825,2022-02-15,SCOTAZ,Scottsdale,280
826,826,2022-02-16,SCOTAZ,Scottsdale,280
827,827,2022-02-17,SCOTAZ,Scottsdale,280
828,828,2022-02-18,SCOTAZ,Scottsdale,315
829,829,2022-02-19,SCOTAZ,Scottsdale,315
830,830,2022-02-20,SCOTAZ,Scottsdale,315
831,831,2022-02-21,SCOTAZ,Scottsdale,280
832,832,2022-02-22,SCOTAZ,Scottsdale,280
833,833,2022-02-23,SCOTAZ,Scottsdale,280
834,834,2022-02-24,SCOTAZ,Scottsdale,280
835,835,2022-02-25,SCOTAZ,Scottsdale,315
836,836,2022-02-26,SCOTAZ,Scottsdale,315
837,837,2022-02-27,SCOTAZ,Scottsdale,280
838,838,2022-02-28,SCOTAZ,Scottsdale,280
839,839,2022-03-01,SCOTAZ,Scottsdale,280
840,840,2022-01-01,SOUTCA,Southern California,512
841,841,2022-01-02,SOUTCA,Southern California,482
842,842,2022-01-03,SOUTCA,Southern California,482
843,843,2022-01-04,SOUTCA,Southern California,482
844,844,2022-01-05,SOUTCA,Southern California,482
845,845,2022-01-06,SOUTCA,Southern California,482
846,846,2022-01-07,SOUTCA,Southern California,512
847,847,2022-01-08,SOUTCA,Southern California,512
848,848,2022-01-09,SOUTCA,Southern California,482
849,849,2022-01-10,SOUTCA,Southern California,482
850,850,2022-01-11,SOUTCA,Southern California,482
851,851,2022-01-12,SOUTCA,Southern California,482
852,852,2022-01-13,SOUTCA,Southern California,482
853,853,2022-01-14,SOUTCA,Southern California,512
854,854,2022-01-15,SOUTCA,Southern California,512
855,855,2022-01-16,SOUTCA,Southern California,482
856,856,2022-01-17,SOUTCA,Southern California,482
857,857,2022-01-18,SOUTCA,Southern California,482
858,858,2022-01-19,SOUTCA,Southern California,482
859,859,2022-01-20,SOUTCA,Southern California,482
860,860,2022-01-21,SOUTCA,Southern California,512
861,861,2022-01-22,SOUTCA,Southern California,512
862,862,2022-01-23,SOUTCA,Southern California,482
863,863,2022-01-24,SOUTCA,Southern California,482
864,864,2022-01-25,SOUTCA,Southern California,482
865,865,2022-01-26,SOUTCA,Southern California,482
866,866,2022-01-27,SOUTCA,Southern California,482
867,867,2022-01-28,SOUTCA,Southern California,512
868,868,2022-01-29,SOUTCA,Southern California,512
869,869,2022-01-30,SOUTCA,Southern California,482
870,870,2022-01-31,SOUTCA,Southern California,482
871,871,2022-02-01,SOUTCA,Southern California,482
872,872,2022-02-02,SOUTCA,Southern California,482
873,873,2022-02-03,SOUTCA,Southern California,482
874,874,2022-02-04,SOUTCA,Southern California,512
875,875,2022-02-05,SOUTCA,Southern California,512
876,876,2022-02-06,SOUTCA,Southern California,482
877,877,2022-02-07,SOUTCA,Southern California,482
878,878,2022-02-08,SOUTCA,Southern California,482
879,879,2022-02-09,SOUTCA,Southern California,482
880,880,2022-02-10,SOUTCA,Southern California,482
881,881,2022-02-11,SOUTCA,Southern California,512
882,882,2022-02-12,SOUTCA,Southern California,512
883,883,2022-02-13,SOUTCA,Southern California,482
884,884,2022-02-14,SOUTCA,Southern California,482
885,885,2022-02-15,SOUTCA,Southern California,482
886,886,2022-02-16,SOUTCA,Southern California,482
887,887,2022-02-17,SOUTCA,Southern California,482
888,888,2022-02-18,SOUTCA,Southern California,512
889,889,2022-02-19,SOUTCA,Southern California,512
890,890,2022-02-20,SOUTCA,Southern California,512
891,891,2022-02-21,SOUTCA,Southern California,512
892,892,2022-02-22,SOUTCA,Southern California,512
893,893,2022-02-23,SOUTCA,Southern California,512
894,894,2022-02-24,SOUTCA,Southern California,512
895,895,2022-02-25,SOUTCA,Southern California,512
896,896,2022-02-26,SOUTCA,Southern California,512
897,897,2022-02-27,SOUTCA,Southern California,512
898,898,2022-02-28,SOUTCA,Southern California,512
899,899,2022-03-01,SOUTCA,Southern California,512
900,900,2022-01-01,TRAVMI,Traverse City,224
901,901,2022-01-02,TRAVMI,Traverse City,210
902,902,2022-01-03,TRAVMI,Traverse City,196
903,903,2022-01-04,TRAVMI,Traverse City,196
904,904,2022-01-05,TRAVMI,Traverse City,196
905,905,2022-01-06,TRAVMI,Traverse City,196
906,906,2022-01-07,TRAVMI,Traverse City,224
907,907,2022-01-08,TRAVMI,Traverse City,224
908,908,2022-01-09,TRAVMI,Traverse City,210
909,909,2022-01-10,TRAVMI,Traverse City,196
910,910,2022-01-11,TRAVMI,Traverse City,196
911,911,2022-01-12,TRAVMI,Traverse City,196
912,912,2022-01-13,TRAVMI,Traverse City,196
913,913,2022-01-14,TRAVMI,Traverse City,224
914,914,2022-01-15,TRAVMI,Traverse City,224
915,915,2022-01-16,TRAVMI,Traverse City,210
916,916,2022-01-17,TRAVMI,Traverse City,196
917,917,2022-01-18,TRAVMI,Traverse City,196
918,918,2022-01-19,TRAVMI,Traverse City,196
919,919,2022-01-20,TRAVMI,Traverse City,196
920,920,2022-01-21,TRAVMI,Traverse City,224
921,921,2022-01-22,TRAVMI,Traverse City,224
922,922,2022-01-23,TRAVMI,Traverse City,210
923,923,2022-01-24,TRAVMI,Traverse City,196
924,924,2022-01-25,TRAVMI,Traverse City,196
925,925,2022-01-26,TRAVMI,Traverse City,196
926,926,2022-01-27,TRAVMI,Traverse City,196
927,927,2022-01-28,TRAVMI,Traverse City,224
928,928,2022-01-29,TRAVMI,Traverse City,224
929,929,2022-01-30,TRAVMI,Traverse City,210
930,930,2022-01-31,TRAVMI,Traverse City,196
931,931,2022-02-01,TRAVMI,Traverse City,196
932,932,2022-02-02,TRAVMI,Traverse City,196
933,933,2022-02-03,TRAVMI,Traverse City,196
934,934,2022-02-04,TRAVMI,Traverse City,224
935,935,2022-02-05,TRAVMI,Traverse City,224
936,936,2022-02-06,TRAVMI,Traverse City,210
937,937,2022-02-07,TRAVMI,Traverse City,196
938,938,2022-02-08,TRAVMI,Traverse City,196
939,939,2022-02-09,TRAVMI,Traverse City,196
940,940,2022-02-10,TRAVMI,Traverse City,196
941,941,2022-02-11,TRAVMI,Traverse City,224
942,942,2022-02-12,TRAVMI,Traverse City,224
943,943,2022-02-13,TRAVMI,Traverse City,210
944,944,2022-02-14,TRAVMI,Traverse City,196
945,945,2022-02-15,TRAVMI,Traverse City,196
946,946,2022-02-16,TRAVMI,Traverse City,196
947,947,2022-02-17,TRAVMI,Traverse City,196
948,948,2022-02-18,TRAVMI,Traverse City,224
949,949,2022-02-19,TRAVMI,Traverse City,224
950,950,2022-02-20,TRAVMI,Traverse City,168
951,951,2022-02-21,TRAVMI,Traverse City,182
952,952,2022-02-22,TRAVMI,Traverse City,182
953,953,2022-02-23,TRAVMI,Traverse City,196
954,954,2022-02-24,TRAVMI,Traverse City,210
955,955,2022-02-25,TRAVMI,Traverse City,224
956,956,2022-02-26,TRAVMI,Traverse City,224
957,957,2022-02-27,TRAVMI,Traverse City,168
958,958,2022-02-28,TRAVMI,Traverse City,182
959,959,2022-03-01,TRAVMI,Traverse City,182
960,960,2022-01-01,WILLVA,Williamsburg,405
961,961,2022-01-02,WILLVA,Williamsburg,283
962,962,2022-01-03,WILLVA,Williamsburg,364
963,963,2022-01-04,WILLVA,Williamsburg,364
964,964,2022-01-05,WILLVA,Williamsburg,364
965,965,2022-01-06,WILLVA,Williamsburg,364
966,966,2022-01-07,WILLVA,Williamsburg,364
967,967,2022-01-08,WILLVA,Williamsburg,364
968,968,2022-01-09,WILLVA,Williamsburg,283
969,969,2022-01-10,WILLVA,Williamsburg,364
970,970,2022-01-11,WILLVA,Williamsburg,364
971,971,2022-01-12,WILLVA,Williamsburg,364
972,972,2022-01-13,WILLVA,Williamsburg,364
973,973,2022-01-14,WILLVA,Williamsburg,364
974,974,2022-01-15,WILLVA,Williamsburg,364
975,975,2022-01-16,WILLVA,Williamsburg,283
976,976,2022-01-17,WILLVA,Williamsburg,364
977,977,2022-01-18,WILLVA,Williamsburg,364
978,978,2022-01-19,WILLVA,Williamsburg,364
979,979,2022-01-20,WILLVA,Williamsburg,364
980,980,2022-01-21,WILLVA,Williamsburg,364
981,981,2022-01-22,WILLVA,Williamsburg,364
982,982,2022-01-23,WILLVA,Williamsburg,283
983,983,2022-01-24,WILLVA,Williamsburg,364
984,984,2022-01-25,WILLVA,Williamsburg,364
985,985,2022-01-26,WILLVA,Williamsburg,364
986,986,2022-01-27,WILLVA,Williamsburg,364
987,987,2022-01-28,WILLVA,Williamsburg,364
988,988,2022-01-29,WILLVA,Williamsburg,364
989,989,2022-01-30,WILLVA,Williamsburg,283
990,990,2022-01-31,WILLVA,Williamsburg,364
991,991,2022-02-01,WILLVA,Williamsburg,364
992,992,2022-02-02,WILLVA,Williamsburg,364
993,993,2022-02-03,WILLVA,Williamsburg,364
994,994,2022-02-04,WILLVA,Williamsburg,364
995,995,2022-02-05,WILLVA,Williamsburg,364
996,996,2022-02-06,WILLVA,Williamsburg,283
997,997,2022-02-07,WILLVA,Williamsburg,364
998,998,2022-02-08,WILLVA,Williamsburg,364
999,999,2022-02-09,WILLVA,Williamsburg,364
1000,1000,2022-02-10,WILLVA,Williamsburg,364
1001,1001,2022-02-11,WILLVA,Williamsburg,364
1002,1002,2022-02-12,WILLVA,Williamsburg,364
1003,1003,2022-02-13,WILLVA,Williamsburg,364
1004,1004,2022-02-14,WILLVA,Williamsburg,364
1005,1005,2022-02-15,WILLVA,Williamsburg,364
1006,1006,2022-02-16,WILLVA,Williamsburg,364
1007,1007,2022-02-17,WILLVA,Williamsburg,364
1008,1008,2022-02-18,WILLVA,Williamsburg,384
1009,1009,2022-02-19,WILLVA,Williamsburg,384
1010,1010,2022-02-20,WILLVA,Williamsburg,384
1011,1011,2022-02-21,WILLVA,Williamsburg,364
1012,1012,2022-02-22,WILLVA,Williamsburg,364
1013,1013,2022-02-23,WILLVA,Williamsburg,364
1014,1014,2022-02-24,WILLVA,Williamsburg,364
1015,1015,2022-02-25,WILLVA,Williamsburg,384
1016,1016,2022-02-26,WILLVA,Williamsburg,384
1017,1017,2022-02-27,WILLVA,Williamsburg,283
1018,1018,2022-02-28,WILLVA,Williamsburg,364
1019,1019,2022-03-01,WILLVA,Williamsburg,364
1020,1020,2022-01-01,DELLWI,Wisconsin Dells,307
1021,1021,2022-01-02,DELLWI,Wisconsin Dells,153
1022,1022,2022-01-03,DELLWI,Wisconsin Dells,153
1023,1023,2022-01-04,DELLWI,Wisconsin Dells,153
1024,1024,2022-01-05,DELLWI,Wisconsin Dells,153
1025,1025,2022-01-06,DELLWI,Wisconsin Dells,153
1026,1026,2022-01-07,DELLWI,Wisconsin Dells,307
1027,1027,2022-01-08,DELLWI,Wisconsin Dells,307
1028,1028,2022-01-09,DELLWI,Wisconsin Dells,153
1029,1029,2022-01-10,DELLWI,Wisconsin Dells,153
1030,1030,2022-01-11,DELLWI,Wisconsin Dells,153
1031,1031,2022-01-12,DELLWI,Wisconsin Dells,153
1032,1032,2022-01-13,DELLWI,Wisconsin Dells,153
1033,1033,2022-01-14,DELLWI,Wisconsin Dells,307
1034,1034,2022-01-15,DELLWI,Wisconsin Dells,307
1035,1035,2022-01-16,DELLWI,Wisconsin Dells,307
1036,1036,2022-01-17,DELLWI,Wisconsin Dells,153
1037,1037,2022-01-18,DELLWI,Wisconsin Dells,153
1038,1038,2022-01-19,DELLWI,Wisconsin Dells,153
1039,1039,2022-01-20,DELLWI,Wisconsin Dells,153
1040,1040,2022-01-21,DELLWI,Wisconsin Dells,307
1041,1041,2022-01-22,DELLWI,Wisconsin Dells,307
1042,1042,2022-01-23,DELLWI,Wisconsin Dells,307
1043,1043,2022-01-24,DELLWI,Wisconsin Dells,307
1044,1044,2022-01-25,DELLWI,Wisconsin Dells,307
1045,1045,2022-01-26,DELLWI,Wisconsin Dells,307
1046,1046,2022-01-27,DELLWI,Wisconsin Dells,307
1047,1047,2022-01-28,DELLWI,Wisconsin Dells,307
1048,1048,2022-01-29,DELLWI,Wisconsin Dells,307
1049,1049,2022-01-30,DELLWI,Wisconsin Dells,307
1050,1050,2022-01-31,DELLWI,Wisconsin Dells,307
1051,1051,2022-02-01,DELLWI,Wisconsin Dells,307
1052,1052,2022-02-02,DELLWI,Wisconsin Dells,307
1053,1053,2022-02-03,DELLWI,Wisconsin Dells,307
1054,1054,2022-02-04,DELLWI,Wisconsin Dells,307
1055,1055,2022-02-05,DELLWI,Wisconsin Dells,307
1056,1056,2022-02-06,DELLWI,Wisconsin Dells,307
1057,1057,2022-02-07,DELLWI,Wisconsin Dells,307
1058,1058,2022-02-08,DELLWI,Wisconsin Dells,307
1059,1059,2022-02-09,DELLWI,Wisconsin Dells,307
1060,1060,2022-02-10,DELLWI,Wisconsin Dells,307
1061,1061,2022-02-11,DELLWI,Wisconsin Dells,307
1062,1062,2022-02-12,DELLWI,Wisconsin Dells,307
1063,1063,2022-02-13,DELLWI,Wisconsin Dells,307
1064,1064,2022-02-14,DELLWI,Wisconsin Dells,307
1065,1065,2022-02-15,DELLWI,Wisconsin Dells,307
1066,1066,2022-02-16,DELLWI,Wisconsin Dells,307
1067,1067,2022-02-17,DELLWI,Wisconsin Dells,307
1068,1068,2022-02-18,DELLWI,Wisconsin Dells,307
1069,1069,2022-02-19,DELLWI,Wisconsin Dells,307
1070,1070,2022-02-20,DELLWI,Wisconsin Dells,307
1071,1071,2022-02-21,DELLWI,Wisconsin Dells,307
1072,1072,2022-02-22,DELLWI,Wisconsin Dells,307
1073,1073,2022-02-23,DELLWI,Wisconsin Dells,307
1074,1074,2022-02-24,DELLWI,Wisconsin Dells,307
1075,1075,2022-02-25,DELLWI,Wisconsin Dells,307
1076,1076,2022-02-26,DELLWI,Wisconsin Dells,307
1077,1077,2022-02-27,DELLWI,Wisconsin Dells,307
1078,1078,2022-02-28,DELLWI,Wisconsin Dells,307
1079,1079,2022-03-01,DELLWI,Wisconsin Dells,307
